CDC definition of depression, "Feeling sad or empty", depression, 3
CDC definition of depression, "Loss of interest in favorite activities", depression, 3
CDC definition of depression, "Overeating, or not wanting to eat at all", depression, 3
CDC definition of depression, "Not being able to sleep, or sleeping too much", depression, 3
CDC definition of depression, "Feeling very tired", depression, 3
CDC definition of depression, "Feeling hopeless, irritable, anxious, or guilty", depression, 3
CDC definition of depression, "Aches or pains, headaches, cramps, or digestive problems", depression, 3
CDC definition of depression, "Thoughts of death or suicide", depression, 3
psychiatry.org definition, "Feeling sad, irritable, empty and/or hopeless.", depression, 3
psychiatry.org definition, "Losing interest or pleasure in activities you once enjoyed.", depression, 3
psychiatry.org definition, "A significant change in appetite (eating much less or more than usual) and/or weight (notable loss or gain unrelated to dieting).", depression, 3
psychiatry.org definition, "Sleeping too little or too much.", depression, 3
psychiatry.org definition, "Decreased energy or increased tiredness or fatigue", depression, 3
psychiatry.org definition, "Increase in purposeless physical activity (e.g., inability to sit still, pacing, handwringing) or slowed movements or speech that are severe enough to be observable by others.", depression, 3
psychiatry.org definition, "Feeling worthless or excessively guilty.", depression, 3
psychiatry.org definition, "Difficulty thinking or concentrating, forgetfulness, and/or difficulty making minor decisions.", depression, 3
psychiatry.org definition, "Thoughts of death, suicidal ideation, or suicide attempts.", depression, 3
