CDC definition of anxiety, "Anxious thoughts or beliefs that are hard to control. They make you feel restless and tense and interfere with your daily life. They do not go away and can get worse over time.", anxiety,1
CDC definition of anxiety, "Physical symptoms, such as a pounding or rapid heartbeat, unexplained aches and pains, dizziness, and shortness of breath", anxiety,1
CDC definition of anxiety, "Changes in behavior, such as avoiding everyday activities you used to do", anxiety,1
CDC definition of anxiety, "Generalized anxiety disorder (GAD). People with GAD worry about ordinary issues such as health, money, work, and family. But their worries are excessive, and they have them almost every day for at least 6 months.", anxiety,1
CDC definition of anxiety, "Panic disorder. People with panic disorder have panic attacks. These are sudden, repeated periods of intense fear when there is no danger. The attacks come on quickly and can last several minutes or more.", anxiety,1
CDC definition of anxiety, "Phobias. People with phobias have an intense fear of something that poses little or no actual danger. Their fear may be about spiders, flying, going to crowded places, or being in social situations (known as social anxiety).", anxiety,1
Psychiatry.org definition, "Palpitations, pounding heart or rapid heart rate", anxiety,1
Psychiatry.org definition, "Sweating", anxiety,1
Psychiatry.org definition, "Trembling or shaking", anxiety,1
Psychiatry.org definition, "Feeling of shortness of breath or smothering sensations", anxiety,1
Psychiatry.org definition, "Chest pain", anxiety,1
Psychiatry.org definition, "Feeling dizzy, light-headed or faint", anxiety,1
Psychiatry.org definition, "Feeling of choking", anxiety,1
Psychiatry.org definition, "Numbness or tingling", anxiety,1
Psychiatry.org definition, "Chills or hot flashes", anxiety,1
Psychiatry.org definition, "Nausea or abdominal pains", anxiety,1
Psychiatry.org definition, "Feeling detached", anxiety,1
Psychiatry.org definition, "Fear of losing control", anxiety,1
Psychiatry.org definition, "Fear of dying", anxiety,1
Psychiatry.org definition, "Using public transportation", anxiety,1
Psychiatry.org definition, "Being in open spaces", anxiety,1
Psychiatry.org definition, "Being in enclosed places", anxiety,1
Psychiatry.org definition, "Standing in line or being in a crowd", anxiety,1
Psychiatry.org definition, "Being outside the home alone", anxiety,1


