CDC definition of ADHD symptoms, "Miss details or make careless mistakes in schoolwork, at work, or in other activities",adhd,0
CDC definition of ADHD symptoms, "Have trouble staying focused on play activities or work tasks",adhd,0
CDC definition of ADHD symptoms, "Not seem to listen when spoken to directly",adhd,0
CDC definition of ADHD symptoms, "Find it hard to follow instructions or finish tasks, or may start but get easily sidetracked",adhd,0
CDC definition of ADHD symptoms, "Have trouble being organized, keeping belongings in order, and managing time",adhd,0
CDC definition of ADHD symptoms, "Avoid doing tasks that require long periods of mental effort",adhd,0
CDC definition of ADHD symptoms, "Lose important items, such as books, wallets, keys, eyeglasses, and cellphones",adhd,0
CDC definition of ADHD symptoms, "Forget about doing daily activities",adhd,0
CDC definition of ADHD symptoms, "Fidget and squirm while seated",adhd,0
CDC definition of ADHD symptoms, "Get up when staying seated is expected, such as at school or work",adhd,0
CDC definition of ADHD symptoms, "Run around or climb when it's not appropriate (children) or feel restless (teens and adults)",adhd,0
CDC definition of ADHD symptoms, "Have trouble doing quiet activities",adhd,0
CDC definition of ADHD symptoms, "Be constantly moving or on the go",adhd,0
CDC definition of ADHD symptoms, "Talk much more than is normal",adhd,0
CDC definition of ADHD symptoms, "Blurt out answers before questions are completed",adhd,0
CDC definition of ADHD symptoms, "Have trouble waiting for their turn",adhd,0
CDC definition of ADHD symptoms, "Interrupt others for example during conversations or games",adhd,0
CDC definition of ADHD symptoms, "People with this type of ADHD have trouble paying attention and are easily distracted. It's hard for them to organize or finish tasks. They may have trouble following instructions or conversations.",adhd,0
CDC definition of ADHD symptoms, "People with this type of ADHD have symptoms of both hyperactivity and impulsivity: CDC definition of ADHD symptoms, With hyperactivity, people feel a need to always be moving. They have trouble sitting still and may fidget and/or talk too much.",adhd,0
CDC definition of ADHD symptoms, "With impulsivity, people have trouble controlling their actions and words. They tend to act on sudden ideas or feelings without thinking about the possible results. They may interrupt others a lot or have trouble waiting their turn.
CDC definition of ADHD symptoms, People with this type of ADHD have a mix of inattentive and hyperactive-impulsive symptoms. Combined ADHD is the most common type.",adhd,0

