CDC definition of ptsd symptoms, "Re-experiencing symptoms, when something reminds you of the trauma and you feel that fear again.",ptsd,4 
CDC definition of ptsd symptoms, "Flashbacks, which cause you to feel like you are going through the event again",ptsd,4
CDC definition of ptsd symptoms, "Nightmares",ptsd,4
CDC definition of ptsd symptoms, "Frightening thoughts",ptsd,4
CDC definition of ptsd symptoms, "Avoidance symptoms, when you try to avoid situations or people that trigger memories of the traumatic event. This may cause you to stay away from places, events, or objects that are reminders of the traumatic experience. For example, if you were in a car accident, you might stop driving.",ptsd,4
CDC definition of ptsd symptoms, "Avoiding thoughts or feelings related to the traumatic event. For example, you might try to stay very busy to try to avoid thinking about what happened.",ptsd,4
CDC definition of ptsd symptoms, "Arousal and reactivity symptoms, which may cause you to be jittery or be on the lookout for danger. ",ptsd,4
CDC definition of ptsd symptoms, "Being easily startled",ptsd,4
CDC definition of ptsd symptoms, "Feeling tense or on edge",ptsd,4
CDC definition of ptsd symptoms, "Having difficulty sleeping",ptsd,4
CDC definition of ptsd symptoms, "Having angry outbursts",ptsd,4
CDC definition of ptsd symptoms, "Cognition and mood symptoms, which are negative changes in beliefs and feelings. ",ptsd,4
CDC definition of ptsd symptoms, "Trouble remembering important things about the traumatic event",ptsd,4
CDC definition of ptsd symptoms, "Negative thoughts about yourself or the world",ptsd,4
CDC definition of ptsd symptoms, "Feeling blame and guilt",ptsd,4
CDC definition of ptsd symptoms, "No longer being interested in things you enjoyed",ptsd,4
CDC definition of ptsd symptoms, "Trouble concentrating",ptsd,4
CDC definition of ptsd symptoms, "Post-traumatic stress disorder (PTSD) is a mental health disorder that some people develop after they experience or see a traumatic event. The traumatic event may be life-threatening, such as combat, a natural disaster, a car accident, or sexual assault. But sometimes the event is not necessarily a dangerous one. For example, the sudden, unexpected death of a loved one can also cause PTSD.",ptsd,4
CDC definition of ptsd symptoms, "It's normal to feel afraid during and after a traumatic situation. The fear triggers a "fight-or-flight" response. This is your body's way of helping to protect itself from possible harm. It causes changes in your body such as the release of certain hormones and increases in alertness, blood pressure, heart rate, and breathing.",ptsd,4
